,Time,Username,Tweet,Clean Tweet,Stemmed Tweet,Lemmatized Tweet,Tagged Tweets,sentiment
0,2022-11-07 05:07:36,DepaulSocial,"How To Start A Shopify Store And Run It Successfully: A Shopify StartiÃîng Guide üëç

üëâhttps://t.co/9uOGZSX67j

#kwasikwarteng #liztruss #africanledenergy #bye #sneakdeepsecret #ww1 #blacklivesmatter #invalidecho https://t.co/oAUfHeSChe",start shopify store run successfully shopify starting guide kwasikwarteng liztruss africanledenergy bye sneakdeepsecret ww blacklivesmatter invalidecho,start shopifi store run success shopifi start guid kwasikwarteng liztruss africanledenergi bye sneakdeepsecret ww blacklivesmatt invalidecho,start shopify store run successfully shopify starting guide kwasikwarteng liztruss africanledenergy bye sneakdeepsecret ww blacklivesmatter invalidecho,start_NN shopify_VB store_NN run_NN successfully_RB shopify_VB starting_VBG guide_JJ kwasikwarteng_NN liztruss_NN africanledenergy_NN bye_NN sneakdeepsecret_JJ ww_NN blacklivesmatter_NN invalidecho_NN,1
1,2022-11-07 05:04:44,ebethmiller2016,Listen fuck twitter bc of evilon owning it but we have to be vocal about this! I hope for peace and justice for the victim and a big ol‚Äô reality check for miss girl #BlackLivesMatter  #UniversityofKentucky #DoBetter https://t.co/3DNNmYrT2G,listen fuck twitter bc evilon owning vocal hope peace justice victim big ol ' reality check miss girl blacklivesmatter universityofkentucky dobetter,listen fuck twitter bc evilon own vocal hope peac justic victim big ol ' realiti check miss girl blacklivesmatt universityofkentucki dobett,listen fuck twitter bc evilon owning vocal hope peace justice victim big ol ' reality check miss girl blacklivesmatter universityofkentucky dobetter,listen_JJ fuck_JJ twitter_NN bc_NN evilon_NN owning_VBG vocal_JJ hope_NN peace_NN justice_NN victim_NN big_JJ ol_NN '_POS reality_NN check_NN miss_VBP girl_NN blacklivesmatter_NN universityofkentucky_JJ dobetter_NN,0
2,2022-11-07 05:03:43,Esyeonby,I don‚Äôt think they gone let him come back so he don‚Äôt tell the story ‚Ä¶. why is the mainstream media‚Äòs not talking about this ? ü§îü§î #BlackLivesMatter #BlM where are you https://t.co/RDwykqYiZL,think gone let come back tell story mainstream media 's talking blacklivesmatter blm,think gone let come back tell stori mainstream media 's talk blacklivesmatt blm,think gone let come back tell story mainstream medium 's talking blacklivesmatter blm,think_VB gone_VBN let_JJ come_VB back_RB tell_JJ story_NN mainstream_JJ media_NNS 's_POS talking_VBG blacklivesmatter_NN blm_NN,0
3,2022-11-07 05:03:11,sevynelevenn,#BlackLivesMatter https://t.co/57Aq8ZmWlU,blacklivesmatter,blacklivesmatt,blacklivesmatter,blacklivesmatter_NN,1
4,2022-11-07 05:01:51,COMA387Group3,Why does Google discriminate porn by supporting BlackLivesMatter?,google discriminate porn supporting blacklivesmatter,googl discrimin porn support blacklivesmatt,google discriminate porn supporting blacklivesmatter,google_NN discriminate_NN porn_NN supporting_VBG blacklivesmatter_NN,0
5,2022-11-07 05:01:00,marktsneed,The very fact of being human panics us into the most grotesque play-acting imaginable; and we deal in absurdities to keep life from being a total waste... - Hal Bennett #MondayThoughts #MondayMotivation #WritingCommunity #amwritingfiction #writersoftwitter #BlackLivesMatter https://t.co/Y13hSECdO2,fact human panics us grotesque playacting imaginable deal absurdities keep life total waste hal bennett mondaythoughts mondaymotivation writingcommunity amwritingfiction writersoftwitter blacklivesmatter,fact human panic us grotesqu playact imagin deal absurd keep life total wast hal bennett mondaythought mondaymotiv writingcommun amwritingfict writersoftwitt blacklivesmatt,fact human panic u grotesque playacting imaginable deal absurdity keep life total waste hal bennett mondaythoughts mondaymotivation writingcommunity amwritingfiction writersoftwitter blacklivesmatter,fact_NN human_JJ panics_NNS us_PRP grotesque_VBP playacting_VBG imaginable_JJ deal_NN absurdities_NNS keep_VBP life_NN total_JJ waste_NN hal_NN bennett_NN mondaythoughts_NNS mondaymotivation_NN writingcommunity_NN amwritingfiction_NN writersoftwitter_NN blacklivesmatter_NN,0
6,2022-11-07 05:00:01,OldMainBell,DING. ding ding. ding! ding ding... ding ding! Ding ding Ding^ ding* #PennState #BlackLivesMatter #JusticeForAll,ding ding ding ding ding ding ding ding ding ding ding ding pennstate blacklivesmatter justiceforall,ding ding ding ding ding ding ding ding ding ding ding ding pennstat blacklivesmatt justiceforal,ding ding ding ding ding ding ding ding ding ding ding ding pennstate blacklivesmatter justiceforall,ding_VBG ding_VBG ding_VBG ding_VBG ding_VBG ding_VBG ding_VBG ding_VBG ding_VBG ding_VBG ding_VBG ding_VBG pennstate_JJ blacklivesmatter_NN justiceforall_NN,1
7,2022-11-07 04:53:02,JohnnyPlants,@IamTaraFelicia @Breakingtrends1 @Dillards I am so glad to read this. Get ‚Äòem mama bear!! #BlackLivesMatter,iamtarafelicia breakingtrends dillards glad read get 'em mama bear blacklivesmatter,iamtarafelicia breakingtrend dillard glad read get 'em mama bear blacklivesmatt,iamtarafelicia breakingtrends dillards glad read get 'em mama bear blacklivesmatter,iamtarafelicia_JJ breakingtrends_NNS dillards_NNS glad_VBP read_JJ get_VBP 'em_JJ mama_NN bear_NN blacklivesmatter_NN,1
8,2022-11-07 04:52:39,themialifee,"Truth hurts ‚ùï‚ùï‚ùï‚ùï
#WhitePrivilege #JewishPrivilege #America #BlackLivesMatter ‚úäüèæ https://t.co/1d409JgXP3",truth hurts whiteprivilege jewishprivilege america blacklivesmatter,truth hurt whiteprivileg jewishprivileg america blacklivesmatt,truth hurt whiteprivilege jewishprivilege america blacklivesmatter,truth_NN hurts_VBZ whiteprivilege_WP jewishprivilege_NN america_NN blacklivesmatter_NN,0
9,2022-11-07 04:45:59,BotDefund,Defund the #HawleyPolice #BlackLivesMatter,defund hawleypolice blacklivesmatter,defund hawleypolic blacklivesmatt,defund hawleypolice blacklivesmatter,defund_NN hawleypolice_NN blacklivesmatter_NN,0
10,2022-11-07 04:41:46,penndragonArt,"I gotta agree Madam @Liz_Cheney #getOutNvote #VoteBlueForDemocracy #VoteBlueToProtectYourRights #justVote #Research #Vote
#Midterms #MidtermElections #Women #LGBTQ+ #BlackLivesMatter¬†#Hispanic #elderly #Veterans
Pls #UniteForDemocracy #YouMatter #WeMatter #TheResistance
üëáüíôüá∫üá∏üíô https://t.co/0VXCISjc2U",got ta agree madam lizcheney getoutnvote votebluefordemocracy votebluetoprotectyourrights justvote research vote midterms midtermelections women lgbtq blacklivesmatterhispanic elderly veterans pls unitefordemocracy youmatter wematter theresistance,got ta agre madam lizcheney getoutnvot votebluefordemocraci votebluetoprotectyourright justvot research vote midterm midtermelect women lgbtq blacklivesmatterhispan elderli veteran pl unitefordemocraci youmatt wematt theresist,got ta agree madam lizcheney getoutnvote votebluefordemocracy votebluetoprotectyourrights justvote research vote midterm midtermelections woman lgbtq blacklivesmatterhispanic elderly veteran pls unitefordemocracy youmatter wematter theresistance,got_VBD ta_JJ agree_JJ madam_NN lizcheney_NN getoutnvote_NN votebluefordemocracy_NN votebluetoprotectyourrights_NNS justvote_VBP research_NN vote_NN midterms_NNS midtermelections_NNS women_NNS lgbtq_VBP blacklivesmatterhispanic_JJ elderly_JJ veterans_NNS pls_VBP unitefordemocracy_JJ youmatter_RB wematter_NN theresistance_NN,1
11,2022-11-07 04:40:56,Sam52160989,Anthony Ashford   #SayTheirNames #BlackLivesMatter,anthony ashford saytheirnames blacklivesmatter,anthoni ashford saytheirnam blacklivesmatt,anthony ashford saytheirnames blacklivesmatter,anthony_NN ashford_NN saytheirnames_VBZ blacklivesmatter_NN,1
12,2022-11-07 04:37:10,penndragonArt,"We can hope for a sweep #nevada #getOutNvote #VoteBlueForDemocracy #VoteBlueToProtectYourRights #govenorsMatter
#justVote pls #Vote
#Midterms #MidtermElections #Women #LGBTQ+ #BlackLivesMatter¬†#Hispanic #elderly #Veterans #YouMatter #WeMatter #TheResistance
üëáüíôüá∫üá∏üíôüëá
@GovSisolak https://t.co/0IV6lbVBgC",hope sweep nevada getoutnvote votebluefordemocracy votebluetoprotectyourrights govenorsmatter justvote pls vote midterms midtermelections women lgbtq blacklivesmatterhispanic elderly veterans youmatter wematter theresistance govsisolak,hope sweep nevada getoutnvot votebluefordemocraci votebluetoprotectyourright govenorsmatt justvot pl vote midterm midtermelect women lgbtq blacklivesmatterhispan elderli veteran youmatt wematt theresist govsisolak,hope sweep nevada getoutnvote votebluefordemocracy votebluetoprotectyourrights govenorsmatter justvote pls vote midterm midtermelections woman lgbtq blacklivesmatterhispanic elderly veteran youmatter wematter theresistance govsisolak,hope_NN sweep_NN nevada_JJ getoutnvote_NN votebluefordemocracy_NN votebluetoprotectyourrights_NNS govenorsmatter_NN justvote_NN pls_JJ vote_NN midterms_NNS midtermelections_NNS women_NNS lgbtq_VBP blacklivesmatterhispanic_JJ elderly_JJ veterans_NNS youmatter_VBP wematter_JJR theresistance_NN govsisolak_NN,1
13,2022-11-07 04:36:45,penndragonArt,"We can hope for a sweep #nevada #getOutNvote #VoteBlueForDemocracy #VoteBlueToProtectYourRights #govenorsMatte
#justVote pls #Vote
#Midterms #MidtermElections #Women #LGBTQ+ #BlackLivesMatter¬†#Hispanic #elderly #Veterans #YouMatter #WeMatter #TheResistance
üëáüíôüá∫üá∏üíôüëá
@GovSisolak https://t.co/0IV6lbVBgC",hope sweep nevada getoutnvote votebluefordemocracy votebluetoprotectyourrights govenorsmatte justvote pls vote midterms midtermelections women lgbtq blacklivesmatterhispanic elderly veterans youmatter wematter theresistance govsisolak,hope sweep nevada getoutnvot votebluefordemocraci votebluetoprotectyourright govenorsmatt justvot pl vote midterm midtermelect women lgbtq blacklivesmatterhispan elderli veteran youmatt wematt theresist govsisolak,hope sweep nevada getoutnvote votebluefordemocracy votebluetoprotectyourrights govenorsmatte justvote pls vote midterm midtermelections woman lgbtq blacklivesmatterhispanic elderly veteran youmatter wematter theresistance govsisolak,hope_NN sweep_NN nevada_JJ getoutnvote_NN votebluefordemocracy_NN votebluetoprotectyourrights_NNS govenorsmatte_VBP justvote_NN pls_JJ vote_NN midterms_NNS midtermelections_NNS women_NNS lgbtq_VBP blacklivesmatterhispanic_JJ elderly_JJ veterans_NNS youmatter_VBP wematter_JJR theresistance_NN govsisolak_NN,1
14,2022-11-07 04:35:36,carlm919,"Pastor Jamal Bryant CALLS Herschel Walker ""Broken Black Man""  While Prai... https://t.co/8grtKfeAlz via @YouTube #WeThePeople #Liberals #Democrats #Socialist #Leftists #redpill #walkaway  #BlacksForTrump #Christian #BlackLivesMatter #maga #BLM",pastor jamal bryant calls herschel walker broken black man prai via youtube wethepeople liberals democrats socialist leftists redpill walkaway blacksfortrump christian blacklivesmatter maga blm,pastor jamal bryant call herschel walker broken black man prai via youtub wethepeopl liber democrat socialist leftist redpil walkaway blacksfortrump christian blacklivesmatt maga blm,pastor jamal bryant call herschel walker broken black man prai via youtube wethepeople liberal democrat socialist leftist redpill walkaway blacksfortrump christian blacklivesmatter maga blm,pastor_NN jamal_JJ bryant_NN calls_VBZ herschel_JJ walker_NN broken_JJ black_JJ man_NN prai_NN via_IN youtube_NN wethepeople_NN liberals_NNS democrats_NNS socialist_VBP leftists_NNS redpill_VBP walkaway_RB blacksfortrump_JJ christian_JJ blacklivesmatter_NN maga_NN blm_NN,0
15,2022-11-07 04:35:28,penndragonArt,"We can hope for a sweep #nevada #getOutNvote #VoteBlueForDemocracy #VoteBlueToProtectYourRights #govenorsMatter #justVote #Research #Vote
#Midterms #MidtermElections #Women #LGBTQ+ #BlackLivesMatter¬†¬†#Hispanic #elderly #Veterans #YouMatter #WeMatter #TheResistance
üëáüíôüá∫üá∏üíôüëá https://t.co/0IV6lbVBgC",hope sweep nevada getoutnvote votebluefordemocracy votebluetoprotectyourrights govenorsmatter justvote research vote midterms midtermelections women lgbtq blacklivesmatterhispanic elderly veterans youmatter wematter theresistance,hope sweep nevada getoutnvot votebluefordemocraci votebluetoprotectyourright govenorsmatt justvot research vote midterm midtermelect women lgbtq blacklivesmatterhispan elderli veteran youmatt wematt theresist,hope sweep nevada getoutnvote votebluefordemocracy votebluetoprotectyourrights govenorsmatter justvote research vote midterm midtermelections woman lgbtq blacklivesmatterhispanic elderly veteran youmatter wematter theresistance,hope_NN sweep_NN nevada_JJ getoutnvote_NN votebluefordemocracy_NN votebluetoprotectyourrights_NNS govenorsmatter_VBP justvote_NN research_NN vote_NN midterms_NNS midtermelections_NNS women_NNS lgbtq_VBP blacklivesmatterhispanic_JJ elderly_JJ veterans_NNS youmatter_VBP wematter_JJR theresistance_NN,1
16,2022-11-07 04:32:09,tbasharks,"Sat Aug 15 2020 Pittsburgh, Pennsylvania - Protest marshal abducted by officers in unmarked van WATCH: https://t.co/LHVYUkAALx #PittsburghPennsylvania #PPD #blacklivesmatter #blm #defundthepolice #abolishthepolice",sat aug pittsburgh pennsylvania protest marshal abducted officers unmarked van watch pittsburghpennsylvania ppd blacklivesmatter blm defundthepolice abolishthepolice,sat aug pittsburgh pennsylvania protest marshal abduct offic unmark van watch pittsburghpennsylvania ppd blacklivesmatt blm defundthepolic abolishthepolic,sat aug pittsburgh pennsylvania protest marshal abducted officer unmarked van watch pittsburghpennsylvania ppd blacklivesmatter blm defundthepolice abolishthepolice,sat_JJ aug_NN pittsburgh_NN pennsylvania_NN protest_NN marshal_NN abducted_VBD officers_NNS unmarked_JJ van_JJ watch_NN pittsburghpennsylvania_NN ppd_NN blacklivesmatter_NN blm_NN defundthepolice_NN abolishthepolice_NN,0
17,2022-11-07 04:31:43,COMA387Group3,Why does Google fetishize LGBTQ movements by highlighting BlackLivesMatter?,google fetishize lgbtq movements highlighting blacklivesmatter,googl fetish lgbtq movement highlight blacklivesmatt,google fetishize lgbtq movement highlighting blacklivesmatter,google_NN fetishize_VB lgbtq_JJ movements_NNS highlighting_VBG blacklivesmatter_NN,0
18,2022-11-07 04:31:24,penndragonArt,"#justVote #Research
#Midterms #MidtermElections #Women #LGBTQ+ #BlackLivesMatter #Hispanic #elderly #Veterans #YouMatter #WeMatter #TheResistance #inResistance #muchLove #Midterms2022
üëáüíôüá∫üá∏üíôüëá
#this #itMatters #VOTE #thePeople #truth #VoteBlueIn2022 #jobs #WorkersRights #labor https://t.co/TYbn9tcoK9",justvote research midterms midtermelections women lgbtq blacklivesmatter hispanic elderly veterans youmatter wematter theresistance inresistance muchlove midterms itmatters vote thepeople truth votebluein jobs workersrights labor,justvot research midterm midtermelect women lgbtq blacklivesmatt hispan elderli veteran youmatt wematt theresist inresist muchlov midterm itmatt vote thepeopl truth votebluein job workersright labor,justvote research midterm midtermelections woman lgbtq blacklivesmatter hispanic elderly veteran youmatter wematter theresistance inresistance muchlove midterm itmatters vote thepeople truth votebluein job workersrights labor,justvote_NN research_NN midterms_NNS midtermelections_NNS women_NNS lgbtq_VBP blacklivesmatter_NN hispanic_JJ elderly_JJ veterans_NNS youmatter_VBP wematter_JJR theresistance_NN inresistance_NN muchlove_NN midterms_VBZ itmatters_NNS vote_VBP thepeople_JJ truth_NN votebluein_NN jobs_NNS workersrights_NNS labor_NN,1
19,2022-11-07 04:31:23,Mc_LMG,#BlackTwitter #BlackLivesMatter @votolatino #NativeTwitter @TwitterLatAm https://t.co/ALkmjKaWSZ,blacktwitter blacklivesmatter votolatino nativetwitter twitterlatam,blacktwitt blacklivesmatt votolatino nativetwitt twitterlatam,blacktwitter blacklivesmatter votolatino nativetwitter twitterlatam,blacktwitter_NN blacklivesmatter_NN votolatino_NN nativetwitter_NN twitterlatam_NN,1
20,2022-11-07 04:30:01,penndragonArt,"#justVote #Research
#Midterms #MidtermElections #Women #LGBTQ+ #BlackLivesMatter¬†#Hispanic #elderly #Veterans #YouMatter #WeMatter #TheResistance #inResistance #muchLove #Midterms2022
üëáüíôüá∫üá∏üíôüëá
#this #itMatters #VOTE #thePeople #truth #VoteBlueIn2022 #commonsense #forReal
üëáüëá https://t.co/8LDYs7go58 https://t.co/ncivKrtpPA",justvote research midterms midtermelections women lgbtq blacklivesmatterhispanic elderly veterans youmatter wematter theresistance inresistance muchlove midterms itmatters vote thepeople truth votebluein commonsense forreal,justvot research midterm midtermelect women lgbtq blacklivesmatterhispan elderli veteran youmatt wematt theresist inresist muchlov midterm itmatt vote thepeopl truth votebluein commonsens forreal,justvote research midterm midtermelections woman lgbtq blacklivesmatterhispanic elderly veteran youmatter wematter theresistance inresistance muchlove midterm itmatters vote thepeople truth votebluein commonsense forreal,justvote_NN research_NN midterms_NNS midtermelections_NNS women_NNS lgbtq_VBP blacklivesmatterhispanic_JJ elderly_JJ veterans_NNS youmatter_VBP wematter_JJR theresistance_NN inresistance_NN muchlove_NN midterms_VBZ itmatters_NNS vote_VBP thepeople_JJ truth_NN votebluein_NN commonsense_NN forreal_NN,1
21,2022-11-07 04:25:04,carlm919,Woke Democrat Gets Laughed At During Debate After She Can't Answer Simpl... https://t.co/CEguETKCYM via @YouTube #WeThePeople #Liberals #Democrats #Socialist #Leftists #redpill #walkaway  #BlacksForTrump #Christian #BlackLivesMatter #maga #BLM,woke democrat gets laughed debate cant answer simpl via youtube wethepeople liberals democrats socialist leftists redpill walkaway blacksfortrump christian blacklivesmatter maga blm,woke democrat get laugh debat cant answer simpl via youtub wethepeopl liber democrat socialist leftist redpil walkaway blacksfortrump christian blacklivesmatt maga blm,woke democrat get laughed debate cant answer simpl via youtube wethepeople liberal democrat socialist leftist redpill walkaway blacksfortrump christian blacklivesmatter maga blm,woke_NN democrat_NN gets_VBZ laughed_JJ debate_NN cant_NN answer_NN simpl_NN via_IN youtube_NN wethepeople_NN liberals_NNS democrats_NNS socialist_VBP leftists_NNS redpill_VBP walkaway_RB blacksfortrump_JJ christian_JJ blacklivesmatter_NN maga_NN blm_NN,0
22,2022-11-07 04:24:20,tryagain1motime,#IStandWithKyrie - he apologized over &amp; over 4 a book he didn‚Äôt even write - why isn‚Äôt the focus on where you can buy a book so digusting &amp; anti semetic #Amazon #JeffBezos - oh I get it - Kyrie‚Äôs the scapegoat #NBA - go where the real problem is!! #RacismIsReal #BlackLivesMatter,istandwithkyrie apologized amp book even write focus buy book digusting amp anti semetic amazon jeffbezos oh get kyrie 's scapegoat nba go real problem racismisreal blacklivesmatter,istandwithkyri apolog amp book even write focu buy book digust amp anti semet amazon jeffbezo oh get kyri 's scapegoat nba go real problem racismisr blacklivesmatt,istandwithkyrie apologized amp book even write focus buy book digusting amp anti semetic amazon jeffbezos oh get kyrie 's scapegoat nba go real problem racismisreal blacklivesmatter,istandwithkyrie_NN apologized_VBD amp_JJ book_NN even_RB write_JJ focus_NN buy_VB book_NN digusting_VBG amp_JJ anti_JJ semetic_JJ amazon_NN jeffbezos_NN oh_UH get_VB kyrie_NN 's_POS scapegoat_NN nba_RB go_VBP real_JJ problem_NN racismisreal_NN blacklivesmatter_NN,0
23,2022-11-07 04:18:25,KingMeekFreeman,"$KingMeekFreeman ... Looking for donations for legal fees.

#wrongfullyconvicted #BlackLivesMatter #blackjew https://t.co/ePg1eFl3qq",kingmeekfreeman looking donations legal fees wrongfullyconvicted blacklivesmatter blackjew,kingmeekfreeman look donat legal fee wrongfullyconvict blacklivesmatt blackjew,kingmeekfreeman looking donation legal fee wrongfullyconvicted blacklivesmatter blackjew,kingmeekfreeman_NN looking_VBG donations_NNS legal_JJ fees_NNS wrongfullyconvicted_VBD blacklivesmatter_NN blackjew_NN,0
24,2022-11-07 04:16:23,BotDefund,Defund the #SouthCanaanPolice #BlackLivesMatter,defund southcanaanpolice blacklivesmatter,defund southcanaanpolic blacklivesmatt,defund southcanaanpolice blacklivesmatter,defund_NN southcanaanpolice_NN blacklivesmatter_NN,0
25,2022-11-07 04:15:33,ScarletIceCree,"My friend @god_loves_zea moved to Hawaii and has been experiencing racism. This post is to expose this racist.
#racist #racism #exposed #cancelled #BlackLivesMatter #BLM https://t.co/EbugLcpgE8",friend godloveszea moved hawaii experiencing racism post expose racist racist racism exposed cancelled blacklivesmatter blm,friend godloveszea move hawaii experienc racism post expos racist racist racism expos cancel blacklivesmatt blm,friend godloveszea moved hawaii experiencing racism post expose racist racist racism exposed cancelled blacklivesmatter blm,friend_NN godloveszea_NN moved_VBD hawaii_JJ experiencing_VBG racism_NN post_NN expose_JJ racist_NN racist_NN racism_NN exposed_VBD cancelled_JJ blacklivesmatter_NN blm_NN,0
26,2022-11-07 04:14:34,Mc_LMG,#BlackLivesMatter #BlackTwitter @TwitterLatAm @votolatino #NativeTwitter https://t.co/JN6CPT9Jiy,blacklivesmatter blacktwitter twitterlatam votolatino nativetwitter,blacklivesmatt blacktwitt twitterlatam votolatino nativetwitt,blacklivesmatter blacktwitter twitterlatam votolatino nativetwitter,blacklivesmatter_NN blacktwitter_NN twitterlatam_NN votolatino_NN nativetwitter_NN,1
27,2022-11-07 04:14:15,Buddha_Inked,"Goodnight, nerds! 

And remember:
- Monkeypox is not an STI
- No K12 teacher has ever taught critical race theory
- Pronouns are part of language and are taught in Kindergarten 
- Reverse racism isn't real

#BlackLivesMatter #TransRightsAreHumanRights üè≥Ô∏è‚Äçüåà #WearAMask üò∑",goodnight nerds remember monkeypox sti k teacher ever taught critical race theory pronouns part language taught kindergarten reverse racism isnt real blacklivesmatter transrightsarehumanrights wearamask,goodnight nerd rememb monkeypox sti k teacher ever taught critic race theori pronoun part languag taught kindergarten revers racism isnt real blacklivesmatt transrightsarehumanright wearamask,goodnight nerd remember monkeypox sti k teacher ever taught critical race theory pronoun part language taught kindergarten reverse racism isnt real blacklivesmatter transrightsarehumanrights wearamask,goodnight_NN nerds_NNS remember_VB monkeypox_NNS sti_VB k_NN teacher_IN ever_RB taught_JJ critical_JJ race_NN theory_NN pronouns_NNS part_NN language_NN taught_VBD kindergarten_JJ reverse_JJ racism_NN isnt_JJ real_JJ blacklivesmatter_NN transrightsarehumanrights_NNS wearamask_NN,0
28,2022-11-07 04:12:03,say_the_names,Walter Scott #BlackLivesMatter,walter scott blacklivesmatter,walter scott blacklivesmatt,walter scott blacklivesmatter,walter_NN scott_NN blacklivesmatter_NN,1
29,2022-11-07 04:10:54,forcemajeure5,@JustinTrudeau #BlackLivesMatter #africancanadian #racistpolice #racismeaucanada @CanadianPM https://t.co/KebSdtJJOR,justintrudeau blacklivesmatter africancanadian racistpolice racismeaucanada canadianpm,justintrudeau blacklivesmatt africancanadian racistpolic racismeaucanada canadianpm,justintrudeau blacklivesmatter africancanadian racistpolice racismeaucanada canadianpm,justintrudeau_NN blacklivesmatter_NN africancanadian_JJ racistpolice_NN racismeaucanada_NN canadianpm_NN,1
30,2022-11-07 04:05:55,Sam52160989,Malice Green   #SayTheirNames #BlackLivesMatter,malice green saytheirnames blacklivesmatter,malic green saytheirnam blacklivesmatt,malice green saytheirnames blacklivesmatter,malice_NN green_JJ saytheirnames_NNS blacklivesmatter_NN,1
31,2022-11-07 04:01:19,haderahadusha,#Tigrayanlivesmatter #BlackLivesMatter‚ÄØ‚ÄØ‚ÄØ #Tigray #StopTigrayGenocide #EndTigraySiege #EritreaOutOfTigray #ChildrenOfTigray #Ethiopia @haderahadusha https://t.co/fBFIiZJmMx,tigrayanlivesmatter blacklivesmatter tigray stoptigraygenocide endtigraysiege eritreaoutoftigray childrenoftigray ethiopia haderahadusha,tigrayanlivesmatt blacklivesmatt tigray stoptigraygenocid endtigraysieg eritreaoutoftigray childrenoftigray ethiopia haderahadusha,tigrayanlivesmatter blacklivesmatter tigray stoptigraygenocide endtigraysiege eritreaoutoftigray childrenoftigray ethiopia haderahadusha,tigrayanlivesmatter_NN blacklivesmatter_NN tigray_NN stoptigraygenocide_JJ endtigraysiege_NN eritreaoutoftigray_NN childrenoftigray_NN ethiopia_NN haderahadusha_NN,1
32,2022-11-07 04:01:13,Charles92147784,KABA HIAWATHA KAMENE #cutthecheck #ReparationsNow #reparations #blackhistory #BlackLivesMatter #kabahiawathakamene #art https://t.co/rwVgEnv4OL,kaba hiawatha kamene cutthecheck reparationsnow reparations blackhistory blacklivesmatter kabahiawathakamene art,kaba hiawatha kamen cutthecheck reparationsnow repar blackhistori blacklivesmatt kabahiawathakamen art,kaba hiawatha kamene cutthecheck reparationsnow reparation blackhistory blacklivesmatter kabahiawathakamene art,kaba_NN hiawatha_NN kamene_NN cutthecheck_NN reparationsnow_VBP reparations_NNS blackhistory_JJ blacklivesmatter_NN kabahiawathakamene_VBD art_NN,1
33,2022-11-07 04:00:41,LostCityCafe,@mmpadellan Yes!! @mmpadellan  we need to murder more babies!! #BlackLivesMatter ‚Ä¶. Except when it‚Äôs inside the womb. ü§î,mmpadellan yes mmpadellan need murder babies blacklivesmatter except 's inside womb,mmpadellan ye mmpadellan need murder babi blacklivesmatt except 's insid womb,mmpadellan yes mmpadellan need murder baby blacklivesmatter except 's inside womb,mmpadellan_JJ yes_UH mmpadellan_NN need_MD murder_VB babies_NNS blacklivesmatter_VBP except_IN 's_POS inside_JJ womb_NN,0
34,2022-11-07 04:00:01,OldMainBell,ding &amp; ding DING ding. DING* DING &amp; ding^ DING^ DING. ding &amp; DING? #PennState #BlackLivesMatter #JusticeForAll,ding amp ding ding ding ding ding amp ding ding ding ding amp ding pennstate blacklivesmatter justiceforall,ding amp ding ding ding ding ding amp ding ding ding ding amp ding pennstat blacklivesmatt justiceforal,ding amp ding ding ding ding ding amp ding ding ding ding amp ding pennstate blacklivesmatter justiceforall,ding_VBG amp_RP ding_VBG ding_VBG ding_VBG ding_VBG ding_VBG amp_JJ ding_VBG ding_VBG ding_VBG ding_VBG amp_JJ ding_VBG pennstate_NN blacklivesmatter_NN justiceforall_NN,1
35,2022-11-07 03:55:42,iamadamgill,Don‚Äôt let up on @nba and @BrooklynNets what‚Äôs right is not always what‚Äôs ‚ö™Ô∏è#BlackLivesMatter #blm #IStandWithKyrie #BoycottTheNBA,let nba brooklynnets 's right always 's blacklivesmatter blm istandwithkyrie boycottthenba,let nba brooklynnet 's right alway 's blacklivesmatt blm istandwithkyri boycottthenba,let nba brooklynnets 's right always 's blacklivesmatter blm istandwithkyrie boycottthenba,let_VB nba_JJ brooklynnets_NNS 's_POS right_NN always_RB 's_POS blacklivesmatter_NN blm_NN istandwithkyrie_NN boycottthenba_NN,0
36,2022-11-07 03:55:40,larijo4281,youtwitinmyface: @somepoliticaldude on #TikTok talks about #BlackLivesMatter protests https://t.co/b7vPB0BRwn,youtwitinmyface somepoliticaldude tiktok talks blacklivesmatter protests,youtwitinmyfac somepoliticaldud tiktok talk blacklivesmatt protest,youtwitinmyface somepoliticaldude tiktok talk blacklivesmatter protest,youtwitinmyface_NN somepoliticaldude_NN tiktok_JJ talks_NNS blacklivesmatter_VBP protests_NNS,0
37,2022-11-07 03:54:30,dreamgrlie,@X0Empire cus #blacklivesmatter rlly ain‚Äôt do nun like most of the police officers r still out or got very short sentences just like they would‚Äôve if they hashtag didn‚Äôt exist https://t.co/PAYijr0mWc,xempire cus blacklivesmatter rlly ai nun like police officers r still got short sentences like would 've hashtag exist,xempir cu blacklivesmatt rlli ai nun like polic offic r still got short sentenc like would 've hashtag exist,xempire cu blacklivesmatter rlly ai nun like police officer r still got short sentence like would 've hashtag exist,xempire_NN cus_NN blacklivesmatter_NN rlly_RB ai_JJ nun_NNS like_IN police_NN officers_NNS r_VBP still_RB got_VBN short_JJ sentences_NNS like_IN would_MD 've_VBP hashtag_VBN exist_NN,0
38,2022-11-07 03:48:35,HalleckScott,"@davidhogg111 Yeah...after a couple of years of #blacklivesmatter, #metoo, terrible anti-#lgbtq laws coming out of the south, etc.-the powerful violently oppressing the weak-how could your takeaway be ""only cops and soldiers should have guns""?",davidhogg yeahafter couple years blacklivesmatter metoo terrible antilgbtq laws coming south etcthe powerful violently oppressing weakhow could takeaway cops soldiers guns,davidhogg yeahaft coupl year blacklivesmatt metoo terribl antilgbtq law come south etcth power violent oppress weakhow could takeaway cop soldier gun,davidhogg yeahafter couple year blacklivesmatter metoo terrible antilgbtq law coming south etcthe powerful violently oppressing weakhow could takeaway cop soldier gun,davidhogg_NN yeahafter_RB couple_JJ years_NNS blacklivesmatter_RB metoo_VBP terrible_JJ antilgbtq_JJ laws_NNS coming_VBG south_RB etcthe_JJ powerful_JJ violently_RB oppressing_VBG weakhow_NN could_MD takeaway_VB cops_JJ soldiers_NNS guns_NNS,0
39,2022-11-07 03:44:38,MeloStreetVybz,NOW IS THE TIME TO UNITE WITH OUR BROTHER. DO NOT TURN YOUR BACK ON THEM. #ye x #KanyeWest x #H2N x #KyrieIrving x #fba x #B1 x #BlackExcellence x #hebrewisraelite x #ESPN #SportsCenter x #hbcu x #2024election x #fdmg x #nba x #maga x #WhiteLivesMatter x #BlackLivesMatter x #cnn https://t.co/uhOocDUmXV,time unite brother turn back ye x kanyewest x hn x kyrieirving x fba x b x blackexcellence x hebrewisraelite x espn sportscenter x hbcu x election x fdmg x nba x maga x whitelivesmatter x blacklivesmatter x cnn,time unit brother turn back ye x kanyewest x hn x kyrieirv x fba x b x blackexcel x hebrewisraelit x espn sportscent x hbcu x elect x fdmg x nba x maga x whitelivesmatt x blacklivesmatt x cnn,time unite brother turn back ye x kanyewest x hn x kyrieirving x fba x b x blackexcellence x hebrewisraelite x espn sportscenter x hbcu x election x fdmg x nba x maga x whitelivesmatter x blacklivesmatter x cnn,time_NN unite_JJ brother_NN turn_NN back_RP ye_NN x_NN kanyewest_JJS x_JJ hn_NN x_NNP kyrieirving_VBG x_JJ fba_NN x_NN b_NN x_NNP blackexcellence_NN x_NNP hebrewisraelite_NN x_NNP espn_NN sportscenter_NN x_NNP hbcu_NN x_NNP election_NN x_NNP fdmg_NN x_NNP nba_CC x_NNP maga_VBP x_NNP whitelivesmatter_NN x_NNP blacklivesmatter_NN x_NNP cnn_NN,1
40,2022-11-07 03:43:55,kk131066,"Patriots don't talk about patriotism
They act like patriots

Liars only talk but don't do

#BlackLivesMatter 
https://t.co/jjTMOshdeC

#RussianUkrainianWar
https://t.co/B12sS2GNmf

https://t.co/OpI6tTexjZ

#Biden #Trump #racism #Fascism #Ukraine #Ukraina #UkraineRussiaWar #Truth",patriots dont talk patriotism act like patriots liars talk dont blacklivesmatter russianukrainianwar biden trump racism fascism ukraine ukraina ukrainerussiawar truth,patriot dont talk patriot act like patriot liar talk dont blacklivesmatt russianukrainianwar biden trump racism fascism ukrain ukraina ukrainerussiawar truth,patriot dont talk patriotism act like patriot liar talk dont blacklivesmatter russianukrainianwar biden trump racism fascism ukraine ukraina ukrainerussiawar truth,patriots_NNS dont_VBP talk_NN patriotism_NN act_NN like_IN patriots_NNS liars_NNS talk_VBP dont_JJ blacklivesmatter_NN russianukrainianwar_NN biden_JJ trump_NN racism_NN fascism_NN ukraine_JJ ukraina_JJ ukrainerussiawar_JJ truth_NN,0
41,2022-11-07 03:43:35,penndragonArt,"They use #this when they run outta #ideas Sir @POTUS
#justVote #Research #YourVote
#Midterms #MidtermElections #Women #LGBTQ+ #BlackLivesMatter #Hispanic #elderly #Veterans #YouMatter #WeMatter #TheResistance #inResistance #muchLove #Midterms2022 #VOTE
üëáüíôüá∫üá∏üíôüëá
#VoteBlueIn2022 https://t.co/SexCkB8XFG https://t.co/hqzaxFwKQC",use run outta ideas sir potus justvote research yourvote midterms midtermelections women lgbtq blacklivesmatter hispanic elderly veterans youmatter wematter theresistance inresistance muchlove midterms vote votebluein,use run outta idea sir potu justvot research yourvot midterm midtermelect women lgbtq blacklivesmatt hispan elderli veteran youmatt wematt theresist inresist muchlov midterm vote votebluein,use run outta idea sir potus justvote research yourvote midterm midtermelections woman lgbtq blacklivesmatter hispanic elderly veteran youmatter wematter theresistance inresistance muchlove midterm vote votebluein,use_NN run_VB outta_RB ideas_NNS sir_VBP potus_JJ justvote_NN research_NN yourvote_NN midterms_NNS midtermelections_NNS women_NNS lgbtq_VBP blacklivesmatter_NN hispanic_JJ elderly_JJ veterans_NNS youmatter_VBP wematter_JJR theresistance_NN inresistance_NN muchlove_NN midterms_NNS vote_VBP votebluein_NN,0
42,2022-11-07 03:42:10,Keepitmovin1114,#TheBlackPantherParty #BlackLivesMatter #RecycleBlackDollars #BlackFridayBlackOut https://t.co/bRqVTDNzS9,theblackpantherparty blacklivesmatter recycleblackdollars blackfridayblackout,theblackpantherparti blacklivesmatt recycleblackdollar blackfridayblackout,theblackpantherparty blacklivesmatter recycleblackdollars blackfridayblackout,theblackpantherparty_NN blacklivesmatter_NN recycleblackdollars_NNS blackfridayblackout_IN,1
43,2022-11-07 03:42:03,say_the_names,Finan Berhe #BlackLivesMatter,finan berhe blacklivesmatter,finan berh blacklivesmatt,finan berhe blacklivesmatter,finan_NN berhe_NN blacklivesmatter_NN,1
44,2022-11-07 03:39:24,penndragonArt,"#justVote #Research #YourVote
#Midterms #MidtermElections #Women #LGBTQ+ #BlackLivesMatter¬†¬†¬†¬†¬†#Hispanic #elderly #Veterans #YouMatter #WeMatter #TheResistance #inResistance #Midterms2022
üëáüíôüá∫üá∏üíôüëá
#itMatters #VOTE #thePeople  #VoteBlueIn2022 #Pennsylvania

#This is your @gopüëá https://t.co/Q358dLnolb",justvote research yourvote midterms midtermelections women lgbtq blacklivesmatterhispanic elderly veterans youmatter wematter theresistance inresistance midterms itmatters vote thepeople votebluein pennsylvania gop,justvot research yourvot midterm midtermelect women lgbtq blacklivesmatterhispan elderli veteran youmatt wematt theresist inresist midterm itmatt vote thepeopl votebluein pennsylvania gop,justvote research yourvote midterm midtermelections woman lgbtq blacklivesmatterhispanic elderly veteran youmatter wematter theresistance inresistance midterm itmatters vote thepeople votebluein pennsylvania gop,justvote_NN research_NN yourvote_NN midterms_NNS midtermelections_NNS women_NNS lgbtq_VBP blacklivesmatterhispanic_JJ elderly_JJ veterans_NNS youmatter_VBP wematter_JJR theresistance_NN inresistance_NN midterms_NNS itmatters_NNS vote_VBP thepeople_JJ votebluein_FW pennsylvania_NN gop_NN,1
45,2022-11-07 03:35:36,kk131066,"#Truth does not need your approval
You need the truth to have a decent life

#BlackLivesMatter 
https://t.co/JINJonT1hF

#UkraineRussiaWar 
https://t.co/v42OjoBSNQ
https://t.co/zNi0R8CYgZ

https://t.co/KsF6q2sneE

#Biden #Trump #GQP #racism #NATO #Ukraine #Ukraina #Russia #Facts",truth need approval need truth decent life blacklivesmatter ukrainerussiawar biden trump gqp racism nato ukraine ukraina russia facts,truth need approv need truth decent life blacklivesmatt ukrainerussiawar biden trump gqp racism nato ukrain ukraina russia fact,truth need approval need truth decent life blacklivesmatter ukrainerussiawar biden trump gqp racism nato ukraine ukraina russia fact,truth_NN need_MD approval_NN need_VB truth_NN decent_JJ life_NN blacklivesmatter_NN ukrainerussiawar_JJ biden_JJ trump_NN gqp_NN racism_NN nato_JJ ukraine_JJ ukraina_JJ russia_NN facts_NNS,1
46,2022-11-07 03:35:00,penndragonArt,"#justVote #Research #YourVote
#Midterms #MidtermElections #Women #LGBTQ+ #BlackLivesMatter¬†¬†¬†¬†¬†#Hispanic #elderly #Veterans #YouMatter #WeMatter #TheResistance #inResistance #Midterms2022
üëáüíôüëáüá∫üá∏üëáüíôüëá
#itMatters #VOTE #Missouri
For #thePeople #VoteBlueIn2022
Let‚Äôs #change #this https://t.co/LoBF8WKA8d",justvote research yourvote midterms midtermelections women lgbtq blacklivesmatterhispanic elderly veterans youmatter wematter theresistance inresistance midterms itmatters vote missouri thepeople votebluein let 's change,justvot research yourvot midterm midtermelect women lgbtq blacklivesmatterhispan elderli veteran youmatt wematt theresist inresist midterm itmatt vote missouri thepeopl votebluein let 's chang,justvote research yourvote midterm midtermelections woman lgbtq blacklivesmatterhispanic elderly veteran youmatter wematter theresistance inresistance midterm itmatters vote missouri thepeople votebluein let 's change,justvote_NN research_NN yourvote_NN midterms_NNS midtermelections_NNS women_NNS lgbtq_VBP blacklivesmatterhispanic_JJ elderly_JJ veterans_NNS youmatter_VBP wematter_JJR theresistance_NN inresistance_NN midterms_NNS itmatters_NNS vote_VBP missouri_JJ thepeople_JJ votebluein_NN let_NN 's_POS change_NN,1
47,2022-11-07 03:32:09,tbasharks,"Fri Aug 07 2020 Portland, Oregon - Officer knocks helmet off protester's head; officers refuse to allow him to retrieve it WATCH: https://t.co/OxSvB8fLTr #PortlandOregon #PPD #blacklivesmatter #blm #defundthepolice #abolishthepolice",fri aug portland oregon officer knocks helmet protesters head officers refuse allow retrieve watch portlandoregon ppd blacklivesmatter blm defundthepolice abolishthepolice,fri aug portland oregon offic knock helmet protest head offic refus allow retriev watch portlandoregon ppd blacklivesmatt blm defundthepolic abolishthepolic,fri aug portland oregon officer knock helmet protester head officer refuse allow retrieve watch portlandoregon ppd blacklivesmatter blm defundthepolice abolishthepolice,fri_NN aug_NN portland_NN oregon_NN officer_NN knocks_NNS helmet_VBD protesters_NNS head_VBP officers_NNS refuse_VBP allow_JJ retrieve_VBP watch_NN portlandoregon_NN ppd_NN blacklivesmatter_NN blm_NN defundthepolice_NN abolishthepolice_NN,0
48,2022-11-07 03:30:55,Heritagecity,"@jimseuh
‚Ä¢
What do you think of this ? üòé

#blackmen #blackexcellence #melanin #blacklove #blacklivesmatter #black #blackman #love #blackhistory #blackisbeautiful #blackpower #blackculture #blackpeople #melaninpoppin https://t.co/4CURKNzOxh",jimseuh think blackmen blackexcellence melanin blacklove blacklivesmatter black blackman love blackhistory blackisbeautiful blackpower blackculture blackpeople melaninpoppin,jimseuh think blackmen blackexcel melanin blacklov blacklivesmatt black blackman love blackhistori blackisbeauti blackpow blackcultur blackpeopl melaninpoppin,jimseuh think blackmen blackexcellence melanin blacklove blacklivesmatter black blackman love blackhistory blackisbeautiful blackpower blackculture blackpeople melaninpoppin,jimseuh_NN think_VBP blackmen_NNS blackexcellence_VB melanin_NN blacklove_IN blacklivesmatter_NN black_JJ blackman_NN love_VB blackhistory_NN blackisbeautiful_JJ blackpower_NN blackculture_NN blackpeople_NN melaninpoppin_NN,1
49,2022-11-07 03:20:34,danieldhanwill,@komedigelaap #BlackLivesMatter save us !!!!!!! üôèüèø,komedigelaap blacklivesmatter save us,komedigelaap blacklivesmatt save us,komedigelaap blacklivesmatter save u,komedigelaap_NN blacklivesmatter_NN save_VBP us_PRP,1
50,2022-11-07 03:15:56,Sam52160989,Benni Lee Tignor   #SayTheirNames #BlackLivesMatter,benni lee tignor saytheirnames blacklivesmatter,benni lee tignor saytheirnam blacklivesmatt,benni lee tignor saytheirnames blacklivesmatter,benni_NN lee_NN tignor_JJ saytheirnames_NNS blacklivesmatter_NN,1
51,2022-11-07 03:14:00,marktsneed,Want a good read this week? Pick up X8 today. A surprising spin on the superhero tale. Available on #Amazon now. #SundayThoughts #SundayMotivation #WritingCommunity #writersoftwitter #amwritingfiction #BlackLivesMatter #ShamelessSelfPromoSunday #KindnessMatter #StrongerTogether https://t.co/ulprSKFBij,want good read week pick x today surprising spin superhero tale available amazon sundaythoughts sundaymotivation writingcommunity writersoftwitter amwritingfiction blacklivesmatter shamelessselfpromosunday kindnessmatter strongertogether,want good read week pick x today surpris spin superhero tale avail amazon sundaythought sundaymotiv writingcommun writersoftwitt amwritingfict blacklivesmatt shamelessselfpromosunday kindnessmatt strongertogeth,want good read week pick x today surprising spin superhero tale available amazon sundaythoughts sundaymotivation writingcommunity writersoftwitter amwritingfiction blacklivesmatter shamelessselfpromosunday kindnessmatter strongertogether,want_JJ good_JJ read_NN week_NN pick_VBP x_NN today_NN surprising_JJ spin_NN superhero_NN tale_NN available_JJ amazon_JJ sundaythoughts_NNS sundaymotivation_NN writingcommunity_NN writersoftwitter_NN amwritingfiction_NN blacklivesmatter_NN shamelessselfpromosunday_JJ kindnessmatter_NN strongertogether_NN,1
52,2022-11-07 03:13:06,kk131066,"I thought The Boiling Frog was a fable

Apparently, given the unfolding events in the US, it's a real story - about FROGS

https://t.co/XeYJPhVDgW
#Biden #Trump #GQP #racism #Fascism #PoliceBrutality #WhiteSupremacy #BlackLivesMatter #EnergyCrisis #Ukraine #Ukraina #Russia #Truth",thought boiling frog fable apparently given unfolding events us real story frogs biden trump gqp racism fascism policebrutality whitesupremacy blacklivesmatter energycrisis ukraine ukraina russia truth,thought boil frog fabl appar given unfold event us real stori frog biden trump gqp racism fascism policebrut whitesupremaci blacklivesmatt energycrisi ukrain ukraina russia truth,thought boiling frog fable apparently given unfolding event u real story frog biden trump gqp racism fascism policebrutality whitesupremacy blacklivesmatter energycrisis ukraine ukraina russia truth,thought_VBN boiling_VBG frog_RBR fable_JJ apparently_RB given_VBN unfolding_JJ events_NNS us_PRP real_JJ story_NN frogs_NNS biden_JJ trump_NN gqp_NN racism_NN fascism_NN policebrutality_NN whitesupremacy_NN blacklivesmatter_NN energycrisis_NN ukraine_JJ ukraina_JJ russia_NN truth_NN,0
53,2022-11-07 03:12:27,BLACKPAPERSTORE,Explain this to me ü§îüßêü§® ‚Ä¶ @KyrieIrving @SHAQ @TurnerSportsEJ @NBATV @ESPNNBA @TheJetOnTNT @NBAonTNT @ESPNNBA @TheBlackChannel @BlackBusinessU1 #KyrieIrving #Shaq #Antisemitic #Antisemitism #AtlantaFX #blackbusinessowner #BlackAdvancement #BlackLivesMatter #BlackLove https://t.co/DNrUWzkr9h,explain kyrieirving shaq turnersportsej nbatv espnnba thejetontnt nbaontnt espnnba theblackchannel blackbusinessu kyrieirving shaq antisemitic antisemitism atlantafx blackbusinessowner blackadvancement blacklivesmatter blacklove,explain kyrieirv shaq turnersportsej nbatv espnnba thejetontnt nbaontnt espnnba theblackchannel blackbusinessu kyrieirv shaq antisemit antisemit atlantafx blackbusinessown blackadvanc blacklivesmatt blacklov,explain kyrieirving shaq turnersportsej nbatv espnnba thejetontnt nbaontnt espnnba theblackchannel blackbusinessu kyrieirving shaq antisemitic antisemitism atlantafx blackbusinessowner blackadvancement blacklivesmatter blacklove,explain_NN kyrieirving_VBG shaq_JJ turnersportsej_NN nbatv_NN espnnba_NN thejetontnt_NN nbaontnt_JJ espnnba_JJ theblackchannel_NN blackbusinessu_NN kyrieirving_VBG shaq_JJ antisemitic_JJ antisemitism_NN atlantafx_NN blackbusinessowner_NN blackadvancement_NN blacklivesmatter_NN blacklove_NN,1
54,2022-11-07 03:12:02,say_the_names,Ryan Twyman #BlackLivesMatter,ryan twyman blacklivesmatter,ryan twyman blacklivesmatt,ryan twyman blacklivesmatter,ryan_JJ twyman_NN blacklivesmatter_NN,1
55,2022-11-07 03:10:52,LemStraw,"@TheFungi669 On Nov8th2022 let GOP note our dissent, we won't let Oligarchs hijack Democracy
We #VoteBlueIn22 to opine
#WomensRightsAreHumanRights
#LGBTQRightsAreHumanRights
#BlackLivesMatter
#VoteBlueToSaveAmerica
#VoteBlueToSaveDemocracy
Save America from #ViolentGOP
https://t.co/40XVEKrLby",thefungi novth let gop note dissent wont let oligarchs hijack democracy votebluein opine womensrightsarehumanrights lgbtqrightsarehumanrights blacklivesmatter votebluetosaveamerica votebluetosavedemocracy save america violentgop,thefungi novth let gop note dissent wont let oligarch hijack democraci votebluein opin womensrightsarehumanright lgbtqrightsarehumanright blacklivesmatt votebluetosaveamerica votebluetosavedemocraci save america violentgop,thefungi novth let gop note dissent wont let oligarch hijack democracy votebluein opine womensrightsarehumanrights lgbtqrightsarehumanrights blacklivesmatter votebluetosaveamerica votebluetosavedemocracy save america violentgop,thefungi_NNS novth_JJ let_JJ gop_NN note_VB dissent_NN wont_NN let_NN oligarchs_PRP hijack_VB democracy_NN votebluein_FW opine_JJ womensrightsarehumanrights_NNS lgbtqrightsarehumanrights_NNS blacklivesmatter_NN votebluetosaveamerica_VBP votebluetosavedemocracy_NN save_VBP america_VBN violentgop_NN,0
56,2022-11-07 03:09:06,drvstjr,"President @BarackObama Harvard Law Professor, Outstanding Orator, Legendary Leader. Thank you Mr. President! #Sunday #Trending #truth #Twitter #goodmorning #BLM #Black #BlackLivesMatter #BlackTwitter #Obama #BlackTwitterGermany #Monday #TrustedBO #clocksgoback #HOLOctober https://t.co/VLvx7glZty",president barackobama harvard law professor outstanding orator legendary leader thank mr president sunday trending truth twitter goodmorning blm black blacklivesmatter blacktwitter obama blacktwittergermany monday trustedbo clocksgoback holoctober,presid barackobama harvard law professor outstand orat legendari leader thank mr presid sunday trend truth twitter goodmorn blm black blacklivesmatt blacktwitt obama blacktwittergermani monday trustedbo clocksgoback holoctob,president barackobama harvard law professor outstanding orator legendary leader thank mr president sunday trending truth twitter goodmorning blm black blacklivesmatter blacktwitter obama blacktwittergermany monday trustedbo clocksgoback holoctober,president_NN barackobama_VBZ harvard_JJ law_NN professor_NN outstanding_JJ orator_NN legendary_JJ leader_NN thank_NN mr_NN president_NN sunday_JJ trending_VBG truth_NN twitter_NN goodmorning_VBG blm_JJ black_JJ blacklivesmatter_NN blacktwitter_NN obama_VBP blacktwittergermany_NN monday_NN trustedbo_VB clocksgoback_NN holoctober_NN,
57,2022-11-07 03:08:18,ProChoiceMama3,"#OldestDaughter #ChallengeThePatriarchy 
#BlackLivesMatter 
#WeCantContinueLikeThis https://t.co/D8dGAVuudR",oldestdaughter challengethepatriarchy blacklivesmatter wecantcontinuelikethis,oldestdaught challengethepatriarchi blacklivesmatt wecantcontinuelikethi,oldestdaughter challengethepatriarchy blacklivesmatter wecantcontinuelikethis,oldestdaughter_RB challengethepatriarchy_JJ blacklivesmatter_NN wecantcontinuelikethis_NN,0
58,2022-11-07 03:03:41,dc_diew,@UNOSAPG @UNGeneva WE DEMAND ANSWERS. @ADL IS THE BLACK HOLOCAUST REAL? @UN @ICJ_org @CIJ_ICJ @AP @UN_Women @UNWomenUSA @UN_HRC WHY DOES THE JEWISH COMMUNITY SPEND TRILLIONS DENYING THE BLACK HOLOCAUST AS THEY PARTICIPATED IN OUR ETHNIC CLEANSING? ALL #BlackLivesMatter 247 #BLM https://t.co/3mnbExdoxV,unosapg ungeneva demand answers adl black holocaust real un icjorg cijicj ap unwomen unwomenusa unhrc jewish community spend trillions denying black holocaust participated ethnic cleansing blacklivesmatter blm,unosapg ungeneva demand answer adl black holocaust real un icjorg cijicj ap unwomen unwomenusa unhrc jewish commun spend trillion deni black holocaust particip ethnic cleans blacklivesmatt blm,unosapg ungeneva demand answer adl black holocaust real un icjorg cijicj ap unwomen unwomenusa unhrc jewish community spend trillion denying black holocaust participated ethnic cleansing blacklivesmatter blm,unosapg_JJ ungeneva_JJ demand_NN answers_NNS adl_VBP black_JJ holocaust_NN real_JJ un_JJ icjorg_NN cijicj_NN ap_JJ unwomen_NNS unwomenusa_JJ unhrc_JJ jewish_JJ community_NN spend_VBP trillions_NNS denying_VBG black_JJ holocaust_NN participated_VBD ethnic_JJ cleansing_NN blacklivesmatter_NN blm_NN,0
59,2022-11-07 03:01:13,rodgothehardest,@DamnShawn_ https://t.co/E3lFSdd48A,damnshawn,damnshawn,damnshawn,damnshawn_NN,1
60,2022-11-07 03:01:09,William20030808,YEAH #BlackLivesMatter https://t.co/UvgP7lyfiY,yeah blacklivesmatter,yeah blacklivesmatt,yeah blacklivesmatter,yeah_NN blacklivesmatter_NN,1
61,2022-11-07 03:00:56,FLOWSECO,"#BLM #BlackLivesMatter 
&amp; #KOOLAID 
#killing #BlackPeople but we #loveit THO
#YE VCüòÖüòÖüòÖ",blm blacklivesmatter amp koolaid killing blackpeople loveit tho ye vc,blm blacklivesmatt amp koolaid kill blackpeopl loveit tho ye vc,blm blacklivesmatter amp koolaid killing blackpeople loveit tho ye vc,blm_NN blacklivesmatter_NN amp_NN koolaid_VBD killing_VBG blackpeople_NN loveit_NN tho_NN ye_NN vc_NN,
62,2022-11-07 03:00:21,kk131066,"If you kept your mouths shut when #Biden ignored his duty to enforce the laws &amp; let #Trump escape justice, why do you think #VoteBlueIn2022 will help?

https://t.co/WtM8NfR2iE
#racism #Fascism #GQP #BlackLivesMatter #HumanRights #Ukraine #Ukraina #UkraineWar #Russia #Truth #Facts",kept mouths shut biden ignored duty enforce laws amp let trump escape justice think votebluein help racism fascism gqp blacklivesmatter humanrights ukraine ukraina ukrainewar russia truth facts,kept mouth shut biden ignor duti enforc law amp let trump escap justic think votebluein help racism fascism gqp blacklivesmatt humanright ukrain ukraina ukrainewar russia truth fact,kept mouth shut biden ignored duty enforce law amp let trump escape justice think votebluein help racism fascism gqp blacklivesmatter humanrights ukraine ukraina ukrainewar russia truth fact,kept_JJ mouths_NNS shut_VBN biden_RB ignored_VBN duty_NN enforce_NN laws_NNS amp_VBP let_VB trump_JJ escape_VB justice_NN think_NN votebluein_NN help_VBP racism_NN fascism_NN gqp_NN blacklivesmatter_NN humanrights_NNS ukraine_JJ ukraina_JJ ukrainewar_JJ russia_NN truth_NN facts_NNS,0
63,2022-11-07 03:00:01,OldMainBell,"DING! ding! Ding? ding, ding DING &amp; Ding Ding ding Ding* #PennState #BlackLivesMatter #JusticeForAll",ding ding ding ding ding ding amp ding ding ding ding pennstate blacklivesmatter justiceforall,ding ding ding ding ding ding amp ding ding ding ding pennstat blacklivesmatt justiceforal,ding ding ding ding ding ding amp ding ding ding ding pennstate blacklivesmatter justiceforall,ding_VBG ding_VBG ding_VBG ding_VBG ding_VBG ding_VBG amp_JJ ding_VBG ding_VBG ding_VBG ding_VBG pennstate_JJ blacklivesmatter_NN justiceforall_NN,1
64,2022-11-07 02:56:22,OrlandezTV,"Diddy on why he endeavored into the Cannabis industry 

#Diddy #Puff #Puffy #PDiddy #PuffDaddy #YungMiami #CityGirls #BadBoyRecords #BadBoyEntertainment #LoveRecords #Harlem #NYC #HipHop #Rap #BlackAmerican #BlackCommunity #BlackMale #BlackMales #BlackMen #BlackLivesMatter #BLM https://t.co/EJww4877tq",diddy endeavored cannabis industry diddy puff puffy pdiddy puffdaddy yungmiami citygirls badboyrecords badboyentertainment loverecords harlem nyc hiphop rap blackamerican blackcommunity blackmale blackmales blackmen blacklivesmatter blm,diddi endeavor cannabi industri diddi puff puffi pdiddi puffdaddi yungmiami citygirl badboyrecord badboyentertain loverecord harlem nyc hiphop rap blackamerican blackcommun blackmal blackmal blackmen blacklivesmatt blm,diddy endeavored cannabis industry diddy puff puffy pdiddy puffdaddy yungmiami citygirls badboyrecords badboyentertainment loverecords harlem nyc hiphop rap blackamerican blackcommunity blackmale blackmales blackmen blacklivesmatter blm,diddy_NN endeavored_VBD cannabis_NNS industry_NN diddy_VBZ puff_JJ puffy_NN pdiddy_NN puffdaddy_NN yungmiami_NN citygirls_NN badboyrecords_NNS badboyentertainment_NN loverecords_NNS harlem_VBP nyc_JJ hiphop_NN rap_NN blackamerican_JJ blackcommunity_NN blackmale_NN blackmales_NNS blackmen_VBP blacklivesmatter_NN blm_NN,1
65,2022-11-07 02:49:23,ApplefortheDay,"This has been your #applefortheday
Stand up for your health! #blackhealth #blackhealthmatters #blacklivesmatter #health #education #healtheducation #healthdisparities #healthequity #awareness  #publichealth #diabetesawareness  #diabetes  #diabetesawarenessmonth #Type2Diabetes https://t.co/QU3mNlDgAL",applefortheday stand health blackhealth blackhealthmatters blacklivesmatter health education healtheducation healthdisparities healthequity awareness publichealth diabetesawareness diabetes diabetesawarenessmonth typediabetes,applefortheday stand health blackhealth blackhealthmatt blacklivesmatt health educ healtheduc healthdispar healthequ awar publichealth diabetesawar diabet diabetesawarenessmonth typediabet,applefortheday stand health blackhealth blackhealthmatters blacklivesmatter health education healtheducation healthdisparities healthequity awareness publichealth diabetesawareness diabetes diabetesawarenessmonth typediabetes,applefortheday_JJ stand_VBP health_NN blackhealth_NN blackhealthmatters_NNS blacklivesmatter_VBP health_NN education_NN healtheducation_NN healthdisparities_NNS healthequity_NN awareness_NN publichealth_NN diabetesawareness_NN diabetes_VBZ diabetesawarenessmonth_JJ typediabetes_NNS,1
66,2022-11-07 02:46:28,BotDefund,It's time to #DefundThePicoRiveraPolice #BlackLivesMatter,time defundthepicoriverapolice blacklivesmatter,time defundthepicoriverapolic blacklivesmatt,time defundthepicoriverapolice blacklivesmatter,time_NN defundthepicoriverapolice_NN blacklivesmatter_NN,0
67,2022-11-07 02:45:42,Deionta8,It ain‚Äôt no justice it‚Äôs just us #BlackLivesMatter ü§ùüèæ,ai justice 's us blacklivesmatter,ai justic 's us blacklivesmatt,ai justice 's u blacklivesmatter,ai_JJ justice_NN 's_POS us_PRP blacklivesmatter_NN,1
68,2022-11-07 02:42:03,say_the_names,Trayvon Martin #BlackLivesMatter,trayvon martin blacklivesmatter,trayvon martin blacklivesmatt,trayvon martin blacklivesmatter,trayvon_NN martin_NN blacklivesmatter_NN,1
69,2022-11-07 02:41:52,marg_mags,"Sick white American shite!
A tragedy having every intention of continuing.
A blind faith cult.

PLEASE Aussies surely we are better than this. 
#auspol #EnoughlsEnough #BlackLivesMatter https://t.co/Rxy3cXgTDg",sick white american shite tragedy every intention continuing blind faith cult please aussies surely better auspol enoughlsenough blacklivesmatter,sick white american shite tragedi everi intent continu blind faith cult pleas aussi sure better auspol enoughlsenough blacklivesmatt,sick white american shite tragedy every intention continuing blind faith cult please aussie surely better auspol enoughlsenough blacklivesmatter,sick_JJ white_JJ american_JJ shite_NN tragedy_NN every_DT intention_NN continuing_VBG blind_IN faith_JJ cult_NN please_NN aussies_VBZ surely_RB better_RBR auspol_JJ enoughlsenough_IN blacklivesmatter_NN,0
70,2022-11-07 02:41:44,mama2tyler,Make this go VIRAL!!!!  #hypocrisy #blacklivesmatter #butnotiftheyrerepublicanlives #media #whereareyou #areyoublind #whatswrongwithyou https://t.co/Ui9pX5spS7,make go viral hypocrisy blacklivesmatter butnotiftheyrerepublicanlives media whereareyou areyoublind whatswrongwithyou,make go viral hypocrisi blacklivesmatt butnotiftheyrerepublicanl media wherearey areyoublind whatswrongwithy,make go viral hypocrisy blacklivesmatter butnotiftheyrerepublicanlives medium whereareyou areyoublind whatswrongwithyou,make_VB go_VB viral_JJ hypocrisy_NN blacklivesmatter_NN butnotiftheyrerepublicanlives_VBZ media_NNS whereareyou_NN areyoublind_IN whatswrongwithyou_NN,0
71,2022-11-07 02:40:55,Sam52160989,Sean Bell   #SayTheirNames #BlackLivesMatter,sean bell saytheirnames blacklivesmatter,sean bell saytheirnam blacklivesmatt,sean bell saytheirnames blacklivesmatter,sean_NN bell_NN saytheirnames_NNS blacklivesmatter_VBP,1
72,2022-11-07 02:39:43,kk131066,"Without the active help of #GQP, #Trump wouldn't have been able to commit so many crimes

""Let's give each other a chance""
???

What about justice?

https://t.co/nXvBblabnZ

#Biden #WhiteSupremacy #BlackLivesMatter #HateCrime #Ukraine #Ukraina #UkraineRussiaWar #UkraineWar #Truth",without active help gqp trump wouldnt able commit many crimes lets give chance justice biden whitesupremacy blacklivesmatter hatecrime ukraine ukraina ukrainerussiawar ukrainewar truth,without activ help gqp trump wouldnt abl commit mani crime let give chanc justic biden whitesupremaci blacklivesmatt hatecrim ukrain ukraina ukrainerussiawar ukrainewar truth,without active help gqp trump wouldnt able commit many crime let give chance justice biden whitesupremacy blacklivesmatter hatecrime ukraine ukraina ukrainerussiawar ukrainewar truth,without_IN active_JJ help_NN gqp_VB trump_NN wouldnt_NN able_JJ commit_NN many_JJ crimes_NNS lets_NNS give_VBP chance_NN justice_NN biden_JJ whitesupremacy_NN blacklivesmatter_NN hatecrime_NN ukraine_JJ ukraina_JJ ukrainerussiawar_JJ ukrainewar_JJ truth_NN,0
73,2022-11-07 02:38:19,SnowYeliah,"@universityofky , your racist student needs to be expelled &amp; charged for assault and harassment!! 

#universityofky #racism #pwi #TikTok #BlackLivesMatter https://t.co/TsFeSlbcN4",universityofky racist student needs expelled amp charged assault harassment universityofky racism pwi tiktok blacklivesmatter,universityofki racist student need expel amp charg assault harass universityofki racism pwi tiktok blacklivesmatt,universityofky racist student need expelled amp charged assault harassment universityofky racism pwi tiktok blacklivesmatter,universityofky_JJ racist_NN student_NN needs_VBZ expelled_VBN amp_NN charged_VBN assault_NN harassment_NN universityofky_JJ racism_NN pwi_NN tiktok_NN blacklivesmatter_NN,0
74,2022-11-07 02:35:56,Sam52160989,Chavis Carter   #SayTheirNames #BlackLivesMatter,chavis carter saytheirnames blacklivesmatter,chavi carter saytheirnam blacklivesmatt,chavis carter saytheirnames blacklivesmatter,chavis_NN carter_NN saytheirnames_NNS blacklivesmatter_VBP,1
75,2022-11-07 02:33:38,Just4Fun9000,"All I know is #BlackLivesMatter 

Telegraph's stealth racism stinks worse than Boris Johnson's pen'.",know blacklivesmatter telegraphs stealth racism stinks worse boris johnsons pen,know blacklivesmatt telegraph stealth racism stink wors bori johnson pen,know blacklivesmatter telegraph stealth racism stink worse boris johnson pen,know_VB blacklivesmatter_NN telegraphs_JJ stealth_NN racism_NN stinks_VBZ worse_JJR boris_JJ johnsons_NNS pen_VBP,0
76,2022-11-07 02:32:59,DumisaniTemsgen,"Every time you heard ""#BlackLivesMatter is no longer anti-Israel"" it was a lie. #BLM has never attempted to hide its anti-Israel agenda or its #BDS activity. There was no need to hide it when plenty of willing propagandists did it for them.",every time heard blacklivesmatter longer antiisrael lie blm never attempted hide antiisrael agenda bds activity need hide plenty willing propagandists,everi time heard blacklivesmatt longer antiisrael lie blm never attempt hide antiisrael agenda bd activ need hide plenti will propagandist,every time heard blacklivesmatter longer antiisrael lie blm never attempted hide antiisrael agenda bd activity need hide plenty willing propagandist,every_DT time_NN heard_VBN blacklivesmatter_RB longer_RBR antiisrael_JJ lie_NN blm_NN never_RB attempted_VBD hide_JJ antiisrael_JJ agenda_NN bds_NN activity_NN need_VBP hide_JJ plenty_NN willing_JJ propagandists_NNS,0
77,2022-11-07 02:32:33,NewBooks4You,"RACE IN AMERICA
Why I Think Democracy Will Win By Brian Allen
https://t.co/9KjMKSQm4F #Racism #BlackLivesMatter #Vote @ChuckCascio https://t.co/dxB0JnnaDC",race america think democracy win brian allen racism blacklivesmatter vote chuckcascio,race america think democraci win brian allen racism blacklivesmatt vote chuckcascio,race america think democracy win brian allen racism blacklivesmatter vote chuckcascio,race_NN america_NN think_VBP democracy_NN win_VBP brian_JJ allen_NN racism_NN blacklivesmatter_NN vote_NN chuckcascio_NN,0
78,2022-11-07 02:32:18,SnowYeliah,"Hi @universityofky ! One of your students, Sophia Nicole Rosing, physically assaulted and harassed a black desk clerk at your school. Sophia called this black woman the N-word and a b!t*h several times.

#racists #BlackLivesMatter #racism #universityofky https://t.co/wrxCukX1yr",hi universityofky one students sophia nicole rosing physically assaulted harassed black desk clerk school sophia called black woman nword bth several times racists blacklivesmatter racism universityofky,hi universityofki one student sophia nicol rose physic assault harass black desk clerk school sophia call black woman nword bth sever time racist blacklivesmatt racism universityofki,hi universityofky one student sophia nicole rosing physically assaulted harassed black desk clerk school sophia called black woman nword bth several time racist blacklivesmatter racism universityofky,hi_NN universityofky_JJ one_CD students_NNS sophia_JJ nicole_JJ rosing_VBG physically_RB assaulted_VBN harassed_JJ black_JJ desk_NN clerk_JJ school_NN sophia_NN called_VBN black_JJ woman_NN nword_NN bth_VBD several_JJ times_NNS racists_NNS blacklivesmatter_VBP racism_NN universityofky_NN,0
79,2022-11-07 02:32:09,tbasharks,"Sat Jun 06 2020 Seattle, Washington - Police pepper spray protesters who can't move back WATCH: https://t.co/V2unv45gUU #SeattleWashington #SPD #blacklivesmatter #blm #defundthepolice #abolishthepolice",sat jun seattle washington police pepper spray protesters cant move back watch seattlewashington spd blacklivesmatter blm defundthepolice abolishthepolice,sat jun seattl washington polic pepper spray protest cant move back watch seattlewashington spd blacklivesmatt blm defundthepolic abolishthepolic,sat jun seattle washington police pepper spray protester cant move back watch seattlewashington spd blacklivesmatter blm defundthepolice abolishthepolice,sat_JJ jun_NN seattle_JJ washington_NN police_NN pepper_NN spray_NN protesters_NNS cant_VBP move_VB back_RB watch_NN seattlewashington_NN spd_NN blacklivesmatter_NN blm_NN defundthepolice_NN abolishthepolice_NN,0
80,2022-11-07 02:25:02,BlackUnionTweet,#BlackTwitter #BlackLivesMatter https://t.co/aBA5LkaRuI,blacktwitter blacklivesmatter,blacktwitt blacklivesmatt,blacktwitter blacklivesmatter,blacktwitter_NN blacklivesmatter_NN,1
81,2022-11-07 02:23:28,kk131066,"When #RuleOfLaw falls into the background, #Truth goes out the window &amp; ethnic cleansing begins

https://t.co/47FVYzVnHv
#Biden #Trump #FascistGOP #racism #Fascism #BlackLivesMatter #PoliceBrutality #HumanRights #NATO #Ukraine #Ukraina #Russia #UkraineRussiaWar #UkraineWar #Facts",ruleoflaw falls background truth goes window amp ethnic cleansing begins biden trump fascistgop racism fascism blacklivesmatter policebrutality humanrights nato ukraine ukraina russia ukrainerussiawar ukrainewar facts,ruleoflaw fall background truth goe window amp ethnic cleans begin biden trump fascistgop racism fascism blacklivesmatt policebrut humanright nato ukrain ukraina russia ukrainerussiawar ukrainewar fact,ruleoflaw fall background truth go window amp ethnic cleansing begin biden trump fascistgop racism fascism blacklivesmatter policebrutality humanrights nato ukraine ukraina russia ukrainerussiawar ukrainewar fact,ruleoflaw_NN falls_VBZ background_IN truth_NN goes_VBZ window_JJ amp_NN ethnic_JJ cleansing_NN begins_VBZ biden_JJ trump_NN fascistgop_NN racism_NN fascism_NN blacklivesmatter_NN policebrutality_NN humanrights_NNS nato_VBP ukraine_JJ ukraina_JJ russia_NN ukrainerussiawar_JJ ukrainewar_JJ facts_NNS,0
82,2022-11-07 02:19:45,SeeNewBooks,"RACE IN AMERICA
Why I Think Democracy Will Win By Brian Allen
https://t.co/cOvR5n25Pm #Racism #BlackLivesMatter #Vote @ChuckCascio https://t.co/6MUUUCM8fA",race america think democracy win brian allen racism blacklivesmatter vote chuckcascio,race america think democraci win brian allen racism blacklivesmatt vote chuckcascio,race america think democracy win brian allen racism blacklivesmatter vote chuckcascio,race_NN america_NN think_VBP democracy_NN win_VBP brian_JJ allen_NN racism_NN blacklivesmatter_NN vote_NN chuckcascio_NN,1
83,2022-11-07 02:16:46,MusaX1375,"#BlackHistoryandConnections #Black
#blackexcellence #BlackOwned #BlackLivesMatter‚ÄØ #ReparationsNow #BlackHistoryMonth‚ÄØ‚ÄØ #Freedmen #BHM  @NAACP_LDF @BlackAmericaWeb @AttorneyCrump @EBONYMag @BLACKGIRLSROCK #PeopleAgainstRacism https://t.co/ZY8c2ugrI8 https://t.co/qBvYCXrkqI",blackhistoryandconnections black blackexcellence blackowned blacklivesmatter reparationsnow blackhistorymonth freedmen bhm naacpldf blackamericaweb attorneycrump ebonymag blackgirlsrock peopleagainstracism,blackhistoryandconnect black blackexcel blackown blacklivesmatt reparationsnow blackhistorymonth freedmen bhm naacpldf blackamericaweb attorneycrump ebonymag blackgirlsrock peopleagainstrac,blackhistoryandconnections black blackexcellence blackowned blacklivesmatter reparationsnow blackhistorymonth freedman bhm naacpldf blackamericaweb attorneycrump ebonymag blackgirlsrock peopleagainstracism,blackhistoryandconnections_NNS black_JJ blackexcellence_NN blackowned_VBD blacklivesmatter_RB reparationsnow_JJ blackhistorymonth_JJ freedmen_NNS bhm_VBP naacpldf_JJ blackamericaweb_NN attorneycrump_NN ebonymag_NN blackgirlsrock_NN peopleagainstracism_NN,1
84,2022-11-07 02:15:36,kinglouixi,"#BlackLivesMatter, also!",blacklivesmatter also,blacklivesmatt also,blacklivesmatter also,blacklivesmatter_NN also_RB,1
85,2022-11-07 02:14:15,Judy_Reach,#AAPIVote2022 #OurVoteNow #AAPIMovement Thank You for Voting &amp; Making Our Future Better for All! @aapialliance @StopAAPIHate #BlackAsianSolidarity #StopAAPIHate #BlackLivesMatter @BlackAsianUnity @CAAsanfrancisco @NAACP @Georgia_NAACP https://t.co/BVR96rffQF,aapivote ourvotenow aapimovement thank voting amp making future better aapialliance stopaapihate blackasiansolidarity stopaapihate blacklivesmatter blackasianunity caasanfrancisco naacp georgianaacp,aapivot ourvotenow aapimov thank vote amp make futur better aapialli stopaapih blackasiansolidar stopaapih blacklivesmatt blackasianun caasanfrancisco naacp georgianaacp,aapivote ourvotenow aapimovement thank voting amp making future better aapialliance stopaapihate blackasiansolidarity stopaapihate blacklivesmatter blackasianunity caasanfrancisco naacp georgianaacp,aapivote_NN ourvotenow_JJ aapimovement_JJ thank_NN voting_NN amp_NN making_NN future_JJ better_JJR aapialliance_NN stopaapihate_NN blackasiansolidarity_NN stopaapihate_VBP blacklivesmatter_NN blackasianunity_NN caasanfrancisco_NN naacp_NN georgianaacp_NN,1
86,2022-11-07 02:14:11,PMarch1507,Does this work?!  ü§∑üèª‚Äç‚ôÇÔ∏è https://t.co/k1YVn4RaZ1,work,work,work,work_NN,1
87,2022-11-07 02:14:00,kk131066,"#racism doesn't heal
it kills

UNITY with #WhiteSupremacy never ends well

#BlackLivesMatter 
https://t.co/jjTMOshdeC

#UkraineRussiaWar 
https://t.co/v42OjoBSNQ

https://t.co/Vpujaz43EU

#Biden #Trump #GQP #Fascism #Ukraine #Ukraina #UkraineWar #UkraineRussianWar #Russia #Truth",racism doesnt heal kills unity whitesupremacy never ends well blacklivesmatter ukrainerussiawar biden trump gqp fascism ukraine ukraina ukrainewar ukrainerussianwar russia truth,racism doesnt heal kill uniti whitesupremaci never end well blacklivesmatt ukrainerussiawar biden trump gqp fascism ukrain ukraina ukrainewar ukrainerussianwar russia truth,racism doesnt heal kill unity whitesupremacy never end well blacklivesmatter ukrainerussiawar biden trump gqp fascism ukraine ukraina ukrainewar ukrainerussianwar russia truth,racism_NN doesnt_NN heal_NN kills_NNS unity_JJ whitesupremacy_NN never_RB ends_VBZ well_RB blacklivesmatter_JJ ukrainerussiawar_JJ biden_NN trump_NN gqp_NN fascism_NN ukraine_JJ ukraina_JJ ukrainewar_JJ ukrainerussianwar_JJ russia_NN truth_NN,0
88,2022-11-07 02:13:32,penndragonArt,"#justVote #Research #YourVote
#Midterms #MidtermElections #Women #LGBTQ+ #BlackLivesMatter¬†¬†¬†¬†¬†#Hispanic #elderly #Veterans #YouMatter #WeMatter #TheResistance #inResistance #muchLove #Midterms2022
üëáüíôüëáüá∫üá∏üëáüíôüëá
#this #itMatters #VOTE #thePeople #truth #VoteBlueIn2022 #Texas https://t.co/VVGJKYzyza",justvote research yourvote midterms midtermelections women lgbtq blacklivesmatterhispanic elderly veterans youmatter wematter theresistance inresistance muchlove midterms itmatters vote thepeople truth votebluein texas,justvot research yourvot midterm midtermelect women lgbtq blacklivesmatterhispan elderli veteran youmatt wematt theresist inresist muchlov midterm itmatt vote thepeopl truth votebluein texa,justvote research yourvote midterm midtermelections woman lgbtq blacklivesmatterhispanic elderly veteran youmatter wematter theresistance inresistance muchlove midterm itmatters vote thepeople truth votebluein texas,justvote_NN research_NN yourvote_NN midterms_NNS midtermelections_NNS women_NNS lgbtq_VBP blacklivesmatterhispanic_JJ elderly_JJ veterans_NNS youmatter_VBP wematter_JJR theresistance_NN inresistance_NN muchlove_NN midterms_VBZ itmatters_NNS vote_VBP thepeople_JJ truth_NN votebluein_NN texas_NN,1
89,2022-11-07 02:12:25,YolandaHinton14,"Yall if we want change how can we care about their households, they should go w their masters...just like back in the day.. we need to want change more than we care abt those that aren't standing w us. #BlackLivesMatter #BlackTwitter #blm https://t.co/HDg4gJAMQD",yall want change care households go w mastersjust like back day need want change care abt arent standing w us blacklivesmatter blacktwitter blm,yall want chang care household go w mastersjust like back day need want chang care abt arent stand w us blacklivesmatt blacktwitt blm,yall want change care household go w mastersjust like back day need want change care abt arent standing w u blacklivesmatter blacktwitter blm,yall_NN want_VBP change_NN care_NN households_NNS go_VBP w_JJ mastersjust_NN like_IN back_RB day_NN need_NN want_VBP change_NN care_NN abt_JJ arent_NN standing_VBG w_JJ us_PRP blacklivesmatter_VBP blacktwitter_JJ blm_NN,1
90,2022-11-07 02:12:20,penndragonArt,"#justVote #Research #YourVote
#Midterms #MidtermElections #Women #LGBTQ+ #BlackLivesMatter¬†¬†¬†¬†¬†#Hispanic #elderly #Veterans #YouMatter #WeMatter #TheResistance #inResistance #muchLove #Midterms2022
üëáüíôüá∫üá∏üíôüëá
#this #itMatters #VOTE #thePeople #truth #VoteBlueIn2022 #commonsense https://t.co/83M1MsjtA2",justvote research yourvote midterms midtermelections women lgbtq blacklivesmatterhispanic elderly veterans youmatter wematter theresistance inresistance muchlove midterms itmatters vote thepeople truth votebluein commonsense,justvot research yourvot midterm midtermelect women lgbtq blacklivesmatterhispan elderli veteran youmatt wematt theresist inresist muchlov midterm itmatt vote thepeopl truth votebluein commonsens,justvote research yourvote midterm midtermelections woman lgbtq blacklivesmatterhispanic elderly veteran youmatter wematter theresistance inresistance muchlove midterm itmatters vote thepeople truth votebluein commonsense,justvote_NN research_NN yourvote_NN midterms_NNS midtermelections_NNS women_NNS lgbtq_VBP blacklivesmatterhispanic_JJ elderly_JJ veterans_NNS youmatter_VBP wematter_JJR theresistance_NN inresistance_NN muchlove_NN midterms_VBZ itmatters_NNS vote_VBP thepeople_JJ truth_NN votebluein_NN commonsense_NN,1
91,2022-11-07 02:12:03,say_the_names,Eric Harris #BlackLivesMatter,eric harris blacklivesmatter,eric harri blacklivesmatt,eric harris blacklivesmatter,eric_JJ harris_NN blacklivesmatter_NN,1
92,2022-11-07 02:09:45,IzahM8,"Discurso de √≥dio, √©  um verdadeiro ato de viol√™ncia a que fere a alma  e com certeza, o mundo precisa √© de mais Amor e n√£o   Viol√™ncia, Preconceito, Racismo, Agressividade e Discrimina√ß√£o ...  @showdavida  #BlackLivesMatter",discurso de odio e um verdadeiro ato de violencia que fere alma e com certeza mundo precisa e de mais amor e nao violencia preconceito racismo agressividade e discriminacao showdavida blacklivesmatter,discurso de odio e um verdadeiro ato de violencia que fere alma e com certeza mundo precisa e de mai amor e nao violencia preconceito racismo agressividad e discriminacao showdavida blacklivesmatt,discurso de odio e um verdadeiro ato de violencia que fere alma e com certeza mundo precisa e de mais amor e nao violencia preconceito racismo agressividade e discriminacao showdavida blacklivesmatter,discurso_NN de_IN odio_FW e_FW um_JJ verdadeiro_FW ato_FW de_FW violencia_FW que_NN fere_RB alma_JJ e_NN com_NN certeza_NN mundo_NN precisa_JJ e_NN de_IN mais_FW amor_NN e_NN nao_JJ violencia_NN preconceito_NN racismo_NN agressividade_VBD e_JJ discriminacao_NN showdavida_NN blacklivesmatter_NN,0
93,2022-11-07 02:09:13,TRIPLEXPS33,"Only way black lives are actually going to matter is when we stop promoting gang violence, gun violence, sex, drugs, all that shit that's destroying our community. Most importantly when we stop killing each other.#BLM #nogunviolence #BlackLivesMatter",way black lives actually going matter stop promoting gang violence gun violence sex drugs shit thats destroying community importantly stop killing otherblm nogunviolence blacklivesmatter,way black live actual go matter stop promot gang violenc gun violenc sex drug shit that destroy commun importantli stop kill otherblm nogunviol blacklivesmatt,way black life actually going matter stop promoting gang violence gun violence sex drug shit thats destroying community importantly stop killing otherblm nogunviolence blacklivesmatter,way_NN black_JJ lives_VBZ actually_RB going_VBG matter_RBR stop_VB promoting_VBG gang_JJ violence_NN gun_NN violence_NN sex_NN drugs_NNS shit_VBD thats_NNS destroying_VBG community_NN importantly_RB stop_VB killing_VBG otherblm_JJ nogunviolence_NN blacklivesmatter_NN,0
94,2022-11-07 02:08:53,YolandaHinton14,@BrooklynNets @NBA @ESPNNBA @SHAQ @KingJames @StephenCurry30 @stephenasmith #BlackLivesMatter #BlackTwitter #blm #AntiBlackRacism https://t.co/zpocBW64xe,brooklynnets nba espnnba shaq kingjames stephencurry stephenasmith blacklivesmatter blacktwitter blm antiblackracism,brooklynnet nba espnnba shaq kingjam stephencurri stephenasmith blacklivesmatt blacktwitt blm antiblackrac,brooklynnets nba espnnba shaq kingjames stephencurry stephenasmith blacklivesmatter blacktwitter blm antiblackracism,brooklynnets_NNS nba_VBP espnnba_JJ shaq_NN kingjames_NNS stephencurry_VBP stephenasmith_JJ blacklivesmatter_NN blacktwitter_NN blm_NN antiblackracism_NN,1
95,2022-11-07 02:08:05,kk131066,"The US accounts for 40% of the world's privately owned guns

Restore #RuleOfLaw 
#ARRESTTRUMP 

#BlackLivesMatter 
https://t.co/T3ho5RwWOn

#RussianUkrainianWar 
https://t.co/yRAaPI3KRU

#Biden #Trump #GQP #racism #Fascism #NATO #Ukraine #Ukraina #Russia #UkraineWar #Truth #Facts https://t.co/xqqMa9BlId",us accounts worlds privately owned guns restore ruleoflaw arresttrump blacklivesmatter russianukrainianwar biden trump gqp racism fascism nato ukraine ukraina russia ukrainewar truth facts,us account world privat own gun restor ruleoflaw arresttrump blacklivesmatt russianukrainianwar biden trump gqp racism fascism nato ukrain ukraina russia ukrainewar truth fact,u account world privately owned gun restore ruleoflaw arresttrump blacklivesmatter russianukrainianwar biden trump gqp racism fascism nato ukraine ukraina russia ukrainewar truth fact,us_PRP accounts_VBZ worlds_NNS privately_RB owned_VBD guns_NNS restore_RB ruleoflaw_VBP arresttrump_JJ blacklivesmatter_NN russianukrainianwar_NN biden_JJ trump_NN gqp_NN racism_NN fascism_NN nato_JJ ukraine_JJ ukraina_JJ russia_NN ukrainewar_JJ truth_NN facts_NNS,0
96,2022-11-07 02:03:20,PatriciaLutz6,"Signing off for the evening and wishing all of you a peaceful night's sleep; May üòá guard you, Goodnight üíô!
#GunControlNow 
#BlackLivesMatter 
#VoteBlueToSaveAmerica https://t.co/5FyPKnDOxP",signing evening wishing peaceful nights sleep may guard goodnight guncontrolnow blacklivesmatter votebluetosaveamerica,sign even wish peac night sleep may guard goodnight guncontrolnow blacklivesmatt votebluetosaveamerica,signing evening wishing peaceful night sleep may guard goodnight guncontrolnow blacklivesmatter votebluetosaveamerica,signing_VBG evening_VBG wishing_VBG peaceful_JJ nights_NNS sleep_NN may_MD guard_VB goodnight_NN guncontrolnow_NN blacklivesmatter_NN votebluetosaveamerica_NN,1
97,2022-11-07 02:01:47,Francystrans,"I just want this night to be positive, please someone could share and donate to reach my goal as soon as possible, please help meüè≥Ô∏è‚Äç‚ößÔ∏èüôèüèΩ
#TransCrowdFund 
#crowdfunding 
#mutual 
#BlackLivesMatter 
#trans https://t.co/hJ5BBltIk3",want night positive please someone could share donate reach goal soon possible please help transcrowdfund crowdfunding mutual blacklivesmatter trans,want night posit pleas someon could share donat reach goal soon possibl pleas help transcrowdfund crowdfund mutual blacklivesmatt tran,want night positive please someone could share donate reach goal soon possible please help transcrowdfund crowdfunding mutual blacklivesmatter trans,want_JJ night_NN positive_JJ please_NN someone_NN could_MD share_NN donate_VB reach_NN goal_NN soon_RB possible_JJ please_NN help_NN transcrowdfund_VB crowdfunding_VBG mutual_JJ blacklivesmatter_NN trans_NNS,1
98,2022-11-07 02:01:05,Blkmenmatter,"@BreakingBrown Black men matter is the biggest movement happening right now. It's about black men establishing political, economic and financial independence, accepting responsibility and holding each other accountable @BlackLivesMatter and Black men have a duty to protect it https://t.co/Tiur32KfDc",breakingbrown black men matter biggest movement happening right black men establishing political economic financial independence accepting responsibility holding accountable blacklivesmatter black men duty protect,breakingbrown black men matter biggest movement happen right black men establish polit econom financi independ accept respons hold account blacklivesmatt black men duti protect,breakingbrown black men matter biggest movement happening right black men establishing political economic financial independence accepting responsibility holding accountable blacklivesmatter black men duty protect,breakingbrown_JJ black_JJ men_NNS matter_RBR biggest_JJS movement_NN happening_VBG right_JJ black_JJ men_NNS establishing_VBG political_JJ economic_JJ financial_JJ independence_NN accepting_VBG responsibility_NN holding_VBG accountable_JJ blacklivesmatter_NN black_JJ men_NNS duty_NN protect_NN,1
99,2022-11-07 02:00:01,OldMainBell,ding. ding* ding? DING! Ding &amp; ding. Ding^ DING^ ding! #PennState #BlackLivesMatter #JusticeForAll,ding ding ding ding ding amp ding ding ding ding pennstate blacklivesmatter justiceforall,ding ding ding ding ding amp ding ding ding ding pennstat blacklivesmatt justiceforal,ding ding ding ding ding amp ding ding ding ding pennstate blacklivesmatter justiceforall,ding_VBG ding_VBG ding_VBG ding_VBG ding_VBG amp_JJ ding_VBG ding_VBG ding_VBG ding_VBG pennstate_JJ blacklivesmatter_NN justiceforall_NN,1
